Comment,Toxic
OH PLEASE ğŸ™„ you actually believe that?!,1
LOOOOL what a joke ğŸ¤¡,1
This again?? Why do you even try,1
"WRONG. All caps, no facts.",1
Who even asked you tho?,1
Thatâ€™s literally the worst take Iâ€™ve seen all week!,1
Seriously??? Youâ€™re STILL confused??,1
CRINGE. Big time.,1
WOW. Just... wow. ğŸ˜‘,1
"Classic YOU. Always loud, never right.",1
Stop talking. Just stop.,1
Hard to watch you fail this confidently.,1
"Yeah, ok â€œexpertâ€. LOL",1
Are you for real right now??,1
NO ONE CARES.,1
"We get it, you're desperate for attention ğŸ™ƒ",1
You sound like a malfunctioning AI,1
Try READING next time ğŸ¤¦â€â™‚ï¸,1
Yawn. More brainless commentary...,1
Canâ€™t tell if trolling or just dense ğŸ¤·â€â™€ï¸,1
Thanks for nothing ğŸ‘,1
You're just wrong. Again.,1
"Oh yay, another bad take ğŸ‘",1
THIS is your contribution?! ğŸ˜‚,1
Quit embarrassing yourself,1
"A+ for effort, F for logic",1
Why are you even here?,1
That sentence hurt to read ğŸ˜©,1
Youâ€™re the problem here,1
"This ainâ€™t it, chief ğŸ˜’",1
You must be fun at parties... not.,1
"No point, just noise.",1
Did your brain skip a step?,1
Dude... what?,1
You missed EVERY point.,1
Nice rant. No facts tho,1
Go off I guess ğŸ™„,1
Let us know when you make sense,1
You call THAT a response?,1
Insert eye-roll here ğŸ˜,1
This comment smells like ego,1
Your takes are microwave-level cold,1
Ughhh just stop already,1
Caps Lock â‰  logic,1
"Same trash, different day",1
You're not making sense and it's painful,1
Go argue with a mirror,1
"Major L, bro",1
Is this satire? It has to be.,1
You're the definition of misinformed,1
"Congrats, that made no sense",1
Bold of you to assume you're correct,1
SAYING IT LOUDER DOESNâ€™T MAKE IT RIGHT,1
Someone unplug this take please,1
Your logic is... creative ğŸ¤”,1
You peaked in the first sentence,1
Please take a break from commenting,1
DELETE THIS MESS,1
This is embarrassing to witness,1
Keep trying... maybe one day youâ€™ll get it,1
Reading this lowered my IQ,1
Why are you like this?!,1
You typed all that... for what??,1
This belongs in the bin ğŸ—‘ï¸,1
The cringe is overwhelming,1
Is this supposed to be smart?,1
"Try again, but better",1
"You're all noise, no thought",1
ğŸ¤¡ Take of the day right here,1
LOW EFFORT NONSENSE,1
You should reread that out loud to yourself,1
"Wow, cool, another shallow reply",1
Bruh. No.,1
This is SO wrong I donâ€™t even know where to start,1
"I'm not mad, just disappointed",1
This post is like a pothole in my brain,1
"Dumb take, delivered loudly",1
Honestly? Iâ€™m concerned,1
You're arguing with facts. Bad idea.,1
"You didnâ€™t think before posting, huh",1
This thread went downhill FAST,1
You sound mad. Stay mad ğŸ˜¤,1
Stop wasting everyoneâ€™s time,1
You just exposed yourself,1
"Next time, try using logic",1
You say a lotâ€¦ without saying anything,1
NOPE. Try again.,1
Thatâ€™s not how anything works,1
This is digital pollution,1
"Weak sauce, my guy",1
I hope this is performance art,1
Shouting doesnâ€™t make you right,1
Might want to sit this one out,1
Sad and loud â€” bad combo,1
"Thatâ€™s not a hot take, thatâ€™s a flat tire",1
"Congratulations, you played yourself",1
This is why moderation exists,1
Iâ€™ve seen better points on a broken pencil,1
Why are you yelling tho,1
Chill with the caps,1
"Still wrong, just louder",1
So aggressive for no reason,1
You couldâ€™ve just not,1
Youâ€™re not making a statement â€” youâ€™re whining,1
"Try facts, not feelings",1
Is this a parody account?,1
You're doing TOO much,1
Delete this energy from the internet,1
You clearly misunderstoodâ€¦ again,1
"Tried to sound deep, came off clueless",1
Please touch grass ğŸŒ±,1
"You're being petty, not clever",1
Twitter logic strikes again,1
NOPE. That ainâ€™t it.,1
Thanks for nothing,1
This comment is allergic to facts,1
Your sarcasm is not helping,1
Guess what? Still wrong,1
Facts don't care about this comment,1
ğŸ‘ğŸ‘ Clap back fail,1
Keyboard confidence is real with you,1
One word: cringe,1
Iâ€™m tired of reading your takes,1
"Too loud, too wrong",1
You wrote a paragraph to say nothing,1
Peak bad opinion energy,1
NO LOGIC DETECTED,1
This ain't debate club,1
The amount of wrong is impressive,1
"Sit down, you're doing too much",1
"You're projecting, not arguing",1
"So emotional, so incorrect",1
ğŸ˜‚ That was a plot twist of stupidity,1
Bold tone for someone this wrong,1
Guessing isn't the same as knowing,1
Your post needs subtitles,1
"More feelings, less facts",1
This has Reddit karma bait vibes,1
Stop overcompensating with caps,1
You did NOT just say that...,1
Yikes. Take a break from the internet,1
"Hard disagree, respectfully not really",1
You just loud. Not smart,1
Not worth the scroll,1
Overreacting 101,1
"All caps, no substance",1
Screaming doesnâ€™t = logic,1
Funny how confident you are ğŸ˜…,1
You argued with yourself and lost,1
"Sit this one out, please",1
Honestly? I cringed.,1
Thanks so much for the detailed explanation â€” really cleared things up!,0
I appreciate how calmly you presented your point of view.,0
This is one of the most thoughtful takes Iâ€™ve read today.,0
You really brought clarity to this topic â€” thank you.,0
"Honestly, this helped me understand things better than the article did.",0
Such a well-reasoned perspective â€” I respect that.,0
The respectful tone here makes all the difference.,0
"You presented your counterpoint so gracefully, appreciate that.",0
This kind of thoughtful exchange is what makes these discussions great.,0
Thanks for encouraging a respectful dialogue.,0
Excellent contribution! You made some great points.,0
I love the nuance you brought into this discussion.,0
Great job explaining a complex topic in simple terms.,0
This was such a refreshing perspective to read.,0
Appreciate your willingness to engage in good faith.,0
You really gave me something to think about â€” thanks!,0
So glad someone pointed this out in a constructive way.,0
This feels like a safe space to learn â€” thanks for that.,0
You're a great example of how to communicate differences respectfully.,0
"ğŸ‘ calm, kind, and thoughtful. thatâ€™s how itâ€™s done.",0
Thanks for offering a new way to look at this.,0
You always come through with such thoughtful analysis.,0
Love the positive energy in this comment! ğŸŒŸ,0
I'm really impressed with the way you phrased this.,0
This is the type of response that moves a conversation forward.,0
So grateful for your clarity and kindness.,0
You brought so much value with that perspective.,0
"Even if I donâ€™t fully agree, I completely respect your reasoning.",0
This deserves more visibility.,0
You made this topic way more approachable.,0
Your tone makes learning a lot easier â€” appreciate that.,0
Appreciate how you broke that down so clearly.,0
The thoughtfulness here is appreciated.,0
Reading your reply actually changed my opinion.,0
Such respectful disagreement â€” we love to see it!,0
Really appreciate your constructive approach.,0
You set a great example with your calm reply.,0
Thank you for being such a respectful participant in this thread.,0
"Even in disagreement, your kindness is clear.",0
This is what a healthy exchange of ideas looks like.,0
Such a helpful way to explain that point â€” Iâ€™m grateful.,0
Youâ€™ve clearly done your homework.,0
You show a lot of emotional intelligence in how you respond.,0
"Itâ€™s clear you care about getting it right, not just being right.",0
Thank you for the clarity and civility.,0
Well-argued and respectfully written â€” nice work!,0
I hope more people model their comments after yours.,0
This comment made me reflect in a good way.,0
So much to learn from your tone and reasoning.,0
Thanks for being both clear and considerate.,0
You really handled that tricky topic with grace.,0
Grateful for your balanced and respectful voice.,0
This is how we build understanding.,0
Appreciate the kindness in your disagreement.,0
Your empathy shines through in your words.,0
You made your case really effectively without being harsh.,0
"Great tone, great logic â€” thanks for this.",0
What a lovely way to put it.,0
Thanks for giving me a new perspective on this issue.,0
You clearly care about civil conversation â€” it shows.,0
I appreciate the calm way you handled this topic.,0
Thatâ€™s a great response â€” both factual and kind.,0
"Even though we disagree, I really admire your tone.",0
This comment makes the internet a better place.,0
Thanks for being generous with your insights.,0
That was beautifully phrased.,0
Your respectfulness makes a big difference.,0
The compassion in your comment is so appreciated.,0
Your words brought some calm to this thread.,0
You made a strong point without attacking anyone â€” well done.,0
This kind of approach is exactly what we need more of.,0
Iâ€™m walking away from this comment with something new to think about.,0
Your kindness is as helpful as your logic.,0
So glad to see someone engaging respectfully on this.,0
You have a gift for thoughtful communication.,0
"Even though this is a small thread, you made a big impact.",0
I canâ€™t thank you enough for your clarity and tone.,0
Thatâ€™s such a kind way to explain it â€” really appreciate it.,0
"Thanks for remaining calm in this discussion, it matters.",0
"You clearly put effort into this comment, and it shows.",0
Great example of how to disagree with empathy.,0
Your tone is incredibly constructive â€” thanks for setting the bar high.,0
"You took time to think this through, and I appreciate that.",0
This adds a lot of value to the conversation.,0
Such a respectful and insightful take â€” love to see it.,0
Appreciate the clarity and thoughtfulness in your response.,0
You made a complex issue much easier to understand.,0
Itâ€™s refreshing to read such a grounded perspective.,0
Thanks for guiding the conversation forward so respectfully.,0
"Even if I donâ€™t fully agree, I admire your thoughtful tone.",0
"I can see where you're coming from, and it makes sense.",0
This kind of respectful dialogue should be the norm.,0
You handled a difficult topic with grace and balance.,0
ğŸ‘ Appreciate your ability to stay civil and smart.,0
That was informative and kind at the same time â€” well done.,0
You bring a really calm energy to this thread.,0
Youâ€™re really contributing to a positive space here.,0
You wrote that with such kindness â€” thank you.,0
It's nice to see someone slow down and think things through.,0
You added perspective without sounding harsh.,0
Thank you for giving others space to speak too.,0
What a thoughtful and generous response.,0
I wish more people responded this way online.,0
"You clearly want understanding, not just to win a debate.",0
Your civility makes a big difference here.,0
Thank you for your respectful and clear thinking.,0
Such a powerful comment â€” and so respectfully delivered.,0
The care you put into your words is obvious.,0
You really elevated the conversation here.,0
Grateful for your patience and clarity.,0
Thereâ€™s a lot to admire about how you communicate.,0
Iâ€™m really glad I scrolled down and saw your comment.,0
You added nuance without sounding dismissive â€” thank you.,0
That was honest but also compassionate.,0
Thank you for being clear and non-judgmental.,0
Your voice is a breath of fresh air in this thread.,0
Just wanted to say I appreciate your input here.,0
You helped me see this from a new angle.,0
That was so gently written â€” much respect.,0
This is the kind of energy we need more of online.,0
ğŸ‘ Thanks for modeling respectful discourse.,0
Your kindness made it easier for others to engage.,0
This should be pinned for tone and quality.,0
Thanks for sharing without attacking.,0
Itâ€™s clear that you care about people and accuracy.,0
You explained your thoughts with such humility.,0
This approach fosters understanding â€” thank you.,0
Your thoughtfulness stands out.,0
"Even in disagreement, you found common ground â€” love that.",0
This was a productive addition to the discussion.,0
Thank you for being patient and kind.,0
That was a very generous interpretation.,0
"You listened, and that matters.",0
This is how empathy looks in a comment thread.,0
You kept it constructive â€” much appreciated.,0
The way you respected opposing views is admirable.,0
Very refreshing to read something so balanced.,0
You communicated this really responsibly.,0
Thank you for handling this like an adult.,0
"That was fair, and you were very clear.",0
You explained your position without blaming others â€” impressive.,0
Great way to center facts while still sounding human.,0
Thanks for encouraging open-mindedness.,0
Your effort to stay calm and kind didnâ€™t go unnoticed.,0
You made your point without tearing others down.,0
Appreciate how you brought the focus back to learning.,0
You're making the online space better with your words.,0
Really grateful for your even tone and thoughtfulness.,0
"This was a mature, well-composed contribution.",0
Itâ€™s rare to see such measured responses â€” well done.,0
"ğŸ‘ Calm, clear, and composed. Love it.",0
Youâ€™re clearly trying to help people understand â€” thank you.,0
That was a very generous way to put it.,0
This comment brings warmth and insight.,0
Thanks for keeping the dialogue grounded.,0
Such a wise and kind way to approach this.,0
I admire how carefully you chose your words.,0
Your reply gives space for others to think.,0
Itâ€™s cool to see someone lead with empathy.,0
You have a real gift for communicating calmly.,0
Thanks for taking the high road â€” that matters.,0
Youâ€™ve modeled grace and humility here.,0
Itâ€™s great to see someone respond with such maturity.,0
Thank you for being measured and thoughtful.,0
That was an incredibly respectful way to offer critique.,0
I really value the kindness in your communication.,0
So glad to read something this level-headed.,0
You speak with kindness and clarity â€” great combo.,0
Thatâ€™s a peaceful and helpful response.,0
"You didnâ€™t escalate, you educated.",0
A+ for honesty and tone.,0
This is how we make online discussion better.,0
ğŸ‘ That reply had real dignity.,0
You gave credit without being condescending.,0
Thereâ€™s a gentleness in your tone that helps others listen.,0
Thank you for being gracious under pressure.,0
I wish more people responded like this.,0
You balanced conviction with compassion beautifully.,0
That was both thoughtful and disarming.,0
Thanks for not reducing it to â€œus vs them.â€,0
You remained respectful â€” and thatâ€™s powerful.,0
Your calm approach makes this space more inclusive.,0
Such maturity and presence in your reply.,0
You chose empathy over ego â€” well done.,0
Kindness and thoughtfulness came through clearly.,0
You stayed centered even while disagreeing.,0
Thank you for holding space for complexity.,0
You didn't oversimplify â€” and that's rare.,0
This was respectful to everyone involved.,0
Appreciate the mindful way you wrote that.,0
"Your tone invites dialogue, not division.",0
Thanks for showing that care and clarity can coexist.,0
"You asked a genuine question, and thatâ€™s valuable.",0
You made space for others while stating your truth.,0
That was constructive and non-threatening â€” thanks.,0
You showed how to stay grounded and clear.,0
Thanks for the deep and kind reflection.,0
You didnâ€™t rush to a conclusion â€” love that.,0
You expressed uncertainty with humility â€” a rare skill.,0
That comment carried insight without ego.,0
Thanks for being so intentional with your language.,0
You created room for more nuanced conversation.,0
Really appreciate how you centered respect.,0
Your tone was validating and clear.,0
You communicated disagreement without judgment.,0
"You stood firm, but stayed soft â€” impressive.",0
That was incredibly refreshing.,0
Thanks for your open-hearted response.,0
This showed emotional intelligence and intellect.,0
That comment models mature thinking.,0
Thanks for putting care into your words.,0
You held your ground with kindness.,0
Appreciate the way you centered connection.,0
Youâ€™re making thoughtful discourse feel possible.,0
I admire your calm resilience here.,0
You set a powerful example of digital kindness.,0
Thank you for bringing light and clarity.,0
"You stayed focused on ideas, not personalities.",0
Appreciate how you didnâ€™t rush to assumptions.,0
That was peaceful and persuasive.,0
You honored other perspectives while stating your own.,0
Your kindness made this feel safe to read.,0
That was a beautifully human comment.,0
You kept the dignity of everyone involved intact.,0
You stayed rooted in reason and kindness.,0
This comment felt like a breath of fresh air.,0
You made disagreement feel like a path forward.,0
Thanks for walking the talk.,0
You challenged ideas without challenging people.,0
Your language modeled integrity and care.,0
That was principled and polite.,0
This was a masterclass in kindness.,0
You made disagreement feel respectful and useful.,0
You offered clarity without condescension.,0
You showed that civility is strength.,0
Your restraint is admirable.,0
That reply was firm but not harsh â€” I respect that.,0
"You brought light, not heat.",0
Thanks for showing us how itâ€™s done.,0
That explanation really tied everything together â€” thank you.,0
I always appreciate the patience you bring to these discussions.,0
Thanks for pointing that out so constructively.,0
This was a respectful and well-reasoned counterpoint.,0
"You gave this so much thought, and it shows.",0
Such a calm and compassionate way to engage.,0
Thanks for elevating the tone of this thread.,0
That was a very diplomatic way to express disagreement.,0
You handled that so gracefully â€” well done.,0
This is the kind of thoughtful exchange that makes communities better.,0
Really appreciate how much clarity you brought here.,0
You managed to add insight without judgment.,0
This was encouraging to read â€” thanks for your tone.,0
I love how you phrased that â€” very thoughtful.,0
"You gave space for multiple perspectives, which is so valuable.",0
Thank you for your gentle and informative comment.,0
You broke this down without oversimplifying â€” great work.,0
Thanks for helping keep the discussion civil.,0
The humility in your words is refreshing.,0
You handled disagreement without hostility â€” thatâ€™s rare.,0
That was a peaceful way to share your point.,0
Your insight really enhanced this thread.,0
"You made this feel like a shared conversation, not a debate.",0
Thank you for taking the time to explain so thoroughly.,0
That response made me reflect â€” in a good way.,0
Thanks for sticking to the topic and staying respectful.,0
Youâ€™ve helped me better understand the nuances here.,0
The thoughtfulness you bring is appreciated more than you know.,0
This was written with so much care â€” itâ€™s felt.,0
I appreciate the emotional intelligence you showed in your reply.,0
You didnâ€™t just state your view â€” you invited understanding.,0
You softened a tough topic with kindness.,0
Thanks for your generosity of perspective.,0
I admire the calm way you respond to challenging ideas.,0
"This is a model comment â€” respectful, clear, and considerate.",0
You added value just by keeping your tone gentle.,0
Such a balanced way to present your opinion.,0
That perspective was expressed so well.,0
Appreciate your steady and thoughtful presence here.,0
You make it easier to keep reading â€” thanks.,0
Itâ€™s so good to see nuance handled with care.,0
"You werenâ€™t defensive, and that makes all the difference.",0
This really helped me consider new angles.,0
Your kindness added credibility to your point.,0
Youâ€™re really setting a positive example here.,0
Thereâ€™s wisdom in the way you responded.,0
Thanks for not assuming the worst in people.,0
The compassion in your words is tangible.,0
You managed to keep this thoughtful and productive.,0
That was a meaningful contribution to the conversation.,0
Thank you for creating room for more dialogue.,0
I wish every online discussion felt like this one.,0
Appreciate how you avoided escalation.,0
Even small kindnesses like this matter.,0
This was surprisingly comforting to read.,0
Thank you for slowing things down and clarifying.,0
You helped reframe the issue in a helpful way.,0
This is the type of tone that fosters learning.,0
You made your case without pressure or force.,0
That was a kind and careful critique.,0
Thank you for staying grounded and calm.,0
I appreciated the honesty in your comment.,0
That response was so easy to engage with â€” thank you.,0
You showed real openness in your wording.,0
That felt really fair and balanced.,0
You helped keep the tone generous.,0
The respect you showed here means a lot.,0
You encouraged further discussion without closing doors.,0
Your willingness to explain without condescension is rare.,0
You gave others a chance to join in respectfully.,0
This comment shows that online civility is possible.,0
I appreciate the warmth in your language.,0
Thanks for helping reset the tone.,0
You acknowledged complexity without being vague â€” nice job.,0
Itâ€™s clear that youâ€™re here to learn as much as to share.,0
That comment helped steer things in a better direction.,0
You made room for different views without being dismissive.,0
This was articulate and welcoming.,0
Thanks for staying centered in your response.,0
You didnâ€™t shy away from disagreement but kept it respectful.,0
You managed to be critical without being harsh.,0
That was incredibly reasonable and open-minded.,0
You balanced clarity and softness perfectly.,0
That was a generous interpretation of someone elseâ€™s point.,0
Thanks for being a model of patience.,0
It was kind of you to step in so helpfully.,0
This was a respectful nudge in the right direction.,0
Thanks for giving others space to process.,0
You added empathy where others brought heat.,0
You invited thoughtfulness into this thread.,0
That tone was so refreshing to hear.,0
You handled that with a lot of emotional maturity.,0
This was a restorative comment â€” thank you.,0
I appreciate how calm your reply was.,0
Itâ€™s clear your intentions were respectful and sincere.,0
Thank you for choosing words that build rather than tear down.,0
That response made me feel hopeful about online discussion.,0
This was said with care and it makes a difference.,0
Thanks for not reacting â€” but responding.,0
Your contribution helped everyone here feel more respected.,0
"Youâ€™ve helped model real dialogue, not just commentary.",0
Thank you for being patient with different perspectives.,0
This showed real care for the conversation itself.,0
Appreciate your steady tone in a chaotic thread.,0
You werenâ€™t rushed or reactive â€” thatâ€™s powerful.,0
That was a thoughtful pause in an intense moment.,0
You turned a disagreement into a moment for growth.,0